<GuiXml>
    <Controls>
        <TopLevelControl name="TrinityMainWindow" movable="true" mouseEnabled="true" hidden="true">
            <Dimensions x="400" y="400" />
            <Anchor point="CENTER" />
            <Controls>
                <Backdrop name="$(parent)BG" centerColor="222222DD" edgeColor="FFFFFFDD" edgeFile="EsoUI/Art/ChatWindow/chat_bg_edge.dds" edgeSize="32">
                    <Anchor point="TOPLEFT" />
                    <Anchor point="BOTTOMRIGHT" />
                </Backdrop>
                <Label name="$(parent)Title" font="ZoFontWinH1" color="00FF00" text="Trinity" wrapMode="ELLIPSIS">
                    <Anchor point="TOP" offsetY="20" />
                </Label>
                <Button name="$(parent)ShowResourcesBtn" text="Afficher ressources" width="180" height="32">
                    <Anchor point="TOP" relativeTo="$(parent)Title" relativePoint="BOTTOM" offsetY="20" />
                </Button>
                <Button name="$(parent)ShowFarmRouteBtn" text="Afficher route farm" width="180" height="32">
                    <Anchor point="TOP" relativeTo="$(parent)ShowResourcesBtn" relativePoint="BOTTOM" offsetY="10" />
                </Button>
                <Button name="$(parent)ShowLevelingTipsBtn" text="Conseils leveling" width="180" height="32">
                    <Anchor point="TOP" relativeTo="$(parent)ShowFarmRouteBtn" relativePoint="BOTTOM" offsetY="10" />
                </Button>
                <Button name="$(parent)ShowMetaGearBtn" text="Stuff meta" width="180" height="32">
                    <Anchor point="TOP" relativeTo="$(parent)ShowLevelingTipsBtn" relativePoint="BOTTOM" offsetY="10" />
                </Button>
                <Button name="$(parent)ShowProfHelperBtn" text="Helper métier" width="180" height="32">
                    <Anchor point="TOP" relativeTo="$(parent)ShowMetaGearBtn" relativePoint="BOTTOM" offsetY="10" />
                </Button>
            </Controls>
        </TopLevelControl>
    </Controls>
</GuiXml>
